Puntuacion;idestudiante;area
72;10011001;Matematicas
69;10011002;Matematicas
90;10011003;Matematicas
47;10011004;Matematicas
76;10011005;Matematicas
71;10011006;Matematicas
88;10011007;Matematicas
40;10011008;Matematicas
64;10011009;Matematicas
38;10011010;Matematicas
58;10011011;Matematicas
40;10011012;Matematicas
65;10011013;Matematicas
78;10011014;Matematicas
50;10011015;Matematicas
69;10011016;Matematicas
88;10011017;Matematicas
18;10011018;Matematicas
46;10011019;Matematicas
54;10011020;Matematicas
66;10011021;Matematicas
65;10011022;Matematicas
44;10011023;Matematicas
69;10011024;Matematicas
74;10011025;Matematicas
73;10011026;Matematicas
69;10011027;Matematicas
67;10011028;Matematicas
70;10011029;Matematicas
62;10011030;Matematicas
69;10011031;Matematicas
63;10011032;Matematicas
56;10011033;Matematicas
40;10011034;Matematicas
97;10011035;Matematicas
81;10011036;Matematicas
74;10011037;Matematicas
50;10011038;Matematicas
75;10011039;Matematicas
57;10011040;Matematicas
55;10011041;Matematicas
58;10011042;Matematicas
53;10011043;Matematicas
59;10011044;Matematicas
50;10011045;Matematicas
65;10011046;Matematicas
55;10011047;Matematicas
66;10011048;Matematicas
57;10011049;Matematicas
82;10011050;Matematicas
53;10011051;Matematicas
77;10011052;Matematicas
53;10011053;Matematicas
88;10011054;Matematicas
71;10011055;Matematicas
33;10011056;Matematicas
82;10011057;Matematicas
52;10011058;Matematicas
58;10011059;Matematicas
0;10011060;Matematicas
79;10011061;Matematicas
39;10011062;Matematicas
62;10011063;Matematicas
69;10011064;Matematicas
59;10011065;Matematicas
67;10011066;Matematicas
45;10011067;Matematicas
60;10011068;Matematicas
61;10011069;Matematicas
39;10011070;Matematicas
58;10011071;Matematicas
63;10011072;Matematicas
41;10011073;Matematicas
61;10011074;Matematicas
49;10011075;Matematicas
44;10011076;Matematicas
30;10011077;Matematicas
80;10011078;Matematicas
61;10011079;Matematicas
62;10011080;Matematicas
47;10011081;Matematicas
49;10011082;Matematicas
50;10011083;Matematicas
72;10011084;Matematicas
42;10011085;Matematicas
73;10011086;Matematicas
76;10011087;Matematicas
71;10011088;Matematicas
58;10011089;Matematicas
73;10011090;Matematicas
65;10011091;Matematicas
27;10011092;Matematicas
71;10011093;Matematicas
43;10011094;Matematicas
79;10011095;Matematicas
78;10011096;Matematicas
65;10011097;Matematicas
63;10011098;Matematicas
58;10011099;Matematicas
65;10011100;Matematicas
79;10011101;Matematicas
68;10011102;Matematicas
85;10011103;Matematicas
60;10011104;Matematicas
98;10011105;Matematicas
58;10011106;Matematicas
87;10011107;Matematicas
66;10011108;Matematicas
52;10011109;Matematicas
70;10011110;Matematicas
77;10011111;Matematicas
62;10011112;Matematicas
54;10011113;Matematicas
51;10011114;Matematicas
99;10011115;Matematicas
84;10011116;Matematicas
75;10011117;Matematicas
78;10011118;Matematicas
51;10011119;Matematicas
55;10011120;Matematicas
79;10011121;Matematicas
91;10011122;Matematicas
88;10011123;Matematicas
63;10011124;Matematicas
83;10011125;Matematicas
87;10011126;Matematicas
72;10011127;Matematicas
65;10011128;Matematicas
82;10011129;Matematicas
51;10011130;Matematicas
89;10011131;Matematicas
53;10011132;Matematicas
87;10011133;Matematicas
75;10011134;Matematicas
74;10011135;Matematicas
58;10011136;Matematicas
51;10011137;Matematicas
70;10011138;Matematicas
59;10011139;Matematicas
71;10011140;Matematicas
76;10011141;Matematicas
59;10011142;Matematicas
42;10011143;Matematicas
57;10011144;Matematicas
88;10011145;Matematicas
22;10011146;Matematicas
88;10011147;Matematicas
73;10011148;Matematicas
68;10011149;Matematicas
100;10011150;Matematicas
62;10011151;Matematicas
77;10011152;Matematicas
59;10011153;Matematicas
54;10011154;Matematicas
62;10011155;Matematicas
70;10011156;Matematicas
66;10011157;Matematicas
60;10011158;Matematicas
61;10011159;Matematicas
66;10011160;Matematicas
82;10011161;Matematicas
75;10011162;Matematicas
49;10011163;Matematicas
52;10011164;Matematicas
81;10011165;Matematicas
96;10011166;Matematicas
53;10011167;Matematicas
58;10011168;Matematicas
68;10011169;Matematicas
67;10011170;Matematicas
72;10011171;Matematicas
94;10011172;Matematicas
79;10011173;Matematicas
63;10011174;Matematicas
43;10011175;Matematicas
81;10011176;Matematicas
46;10011177;Matematicas
71;10011178;Matematicas
52;10011179;Matematicas
97;10011180;Matematicas
62;10011181;Matematicas
46;10011182;Matematicas
50;10011183;Matematicas
65;10011184;Matematicas
45;10011185;Matematicas
65;10011186;Matematicas
80;10011187;Matematicas
62;10011188;Matematicas
48;10011189;Matematicas
77;10011190;Matematicas
66;10011191;Matematicas
76;10011192;Matematicas
62;10011193;Matematicas
77;10011194;Matematicas
69;10011195;Matematicas
61;10011196;Matematicas
59;10011197;Matematicas
55;10011198;Matematicas
45;10011199;Matematicas
78;10011200;Matematicas
67;10011201;Matematicas
65;10011202;Matematicas
69;10011203;Matematicas
57;10011204;Matematicas
59;10011205;Matematicas
74;10011206;Matematicas
82;10011207;Matematicas
81;10011208;Matematicas
74;10011209;Matematicas
58;10011210;Matematicas
80;10011211;Matematicas
35;10011212;Matematicas
42;10011213;Matematicas
60;10011214;Matematicas
87;10011215;Matematicas
84;10011216;Matematicas
83;10011217;Matematicas
34;10011218;Matematicas
66;10011219;Matematicas
61;10011220;Matematicas
56;10011221;Matematicas
87;10011222;Matematicas
55;10011223;Matematicas
86;10011224;Matematicas
52;10011225;Matematicas
45;10011226;Matematicas
72;10011227;Matematicas
57;10011228;Matematicas
68;10011229;Matematicas
88;10011230;Matematicas
76;10011231;Matematicas
46;10011232;Matematicas
67;10011233;Matematicas
92;10011234;Matematicas
83;10011235;Matematicas
80;10011236;Matematicas
63;10011237;Matematicas
64;10011238;Matematicas
54;10011239;Matematicas
84;10011240;Matematicas
73;10011241;Matematicas
80;10011242;Matematicas
56;10011243;Matematicas
59;10011244;Matematicas
75;10011245;Matematicas
85;10011246;Matematicas
89;10011247;Matematicas
58;10011248;Matematicas
65;10011249;Matematicas
68;10011250;Matematicas
47;10011251;Matematicas
71;10011252;Matematicas
60;10011253;Matematicas
80;10011254;Matematicas
54;10011255;Matematicas
62;10011256;Matematicas
64;10011257;Matematicas
78;10011258;Matematicas
70;10011259;Matematicas
65;10011260;Matematicas
64;10011261;Matematicas
79;10011262;Matematicas
44;10011263;Matematicas
99;10011264;Matematicas
76;10011265;Matematicas
59;10011266;Matematicas
63;10011267;Matematicas
69;10011268;Matematicas
88;10011269;Matematicas
71;10011270;Matematicas
69;10011271;Matematicas
58;10011272;Matematicas
47;10011273;Matematicas
65;10011274;Matematicas
88;10011275;Matematicas
83;10011276;Matematicas
85;10011277;Matematicas
59;10011278;Matematicas
65;10011279;Matematicas
73;10011280;Matematicas
53;10011281;Matematicas
45;10011282;Matematicas
73;10011283;Matematicas
70;10011284;Matematicas
37;10011285;Matematicas
81;10011286;Matematicas
97;10011287;Matematicas
67;10011288;Matematicas
88;10011289;Matematicas
77;10011290;Matematicas
76;10011291;Matematicas
86;10011292;Matematicas
63;10011293;Matematicas
65;10011294;Matematicas
78;10011295;Matematicas
67;10011296;Matematicas
46;10011297;Matematicas
71;10011298;Matematicas
40;10011299;Matematicas
90;10011300;Matematicas
81;10011301;Matematicas
56;10011302;Matematicas
67;10011303;Matematicas
80;10011304;Matematicas
74;10011305;Matematicas
69;10011306;Matematicas
99;10011307;Matematicas
51;10011308;Matematicas
53;10011309;Matematicas
49;10011310;Matematicas
73;10011311;Matematicas
66;10011312;Matematicas
67;10011313;Matematicas
68;10011314;Matematicas
59;10011315;Matematicas
71;10011316;Matematicas
77;10011317;Matematicas
83;10011318;Matematicas
63;10011319;Matematicas
56;10011320;Matematicas
67;10011321;Matematicas
75;10011322;Matematicas
71;10011323;Matematicas
43;10011324;Matematicas
41;10011325;Matematicas
82;10011326;Matematicas
61;10011327;Matematicas
28;10011328;Matematicas
82;10011329;Matematicas
41;10011330;Matematicas
71;10011331;Matematicas
47;10011332;Matematicas
62;10011333;Matematicas
90;10011334;Matematicas
83;10011335;Matematicas
61;10011336;Matematicas
76;10011337;Matematicas
49;10011338;Matematicas
24;10011339;Matematicas
35;10011340;Matematicas
58;10011341;Matematicas
61;10011342;Matematicas
69;10011343;Matematicas
67;10011344;Matematicas
79;10011345;Matematicas
72;10011346;Matematicas
62;10011347;Matematicas
77;10011348;Matematicas
75;10011349;Matematicas
87;10011350;Matematicas
52;10011351;Matematicas
66;10011352;Matematicas
63;10011353;Matematicas
46;10011354;Matematicas
59;10011355;Matematicas
61;10011356;Matematicas
63;10011357;Matematicas
42;10011358;Matematicas
59;10011359;Matematicas
80;10011360;Matematicas
58;10011361;Matematicas
85;10011362;Matematicas
52;10011363;Matematicas
27;10011364;Matematicas
59;10011365;Matematicas
49;10011366;Matematicas
69;10011367;Matematicas
61;10011368;Matematicas
44;10011369;Matematicas
73;10011370;Matematicas
84;10011371;Matematicas
45;10011372;Matematicas
74;10011373;Matematicas
82;10011374;Matematicas
59;10011375;Matematicas
46;10011376;Matematicas
80;10011377;Matematicas
85;10011378;Matematicas
71;10011379;Matematicas
66;10011380;Matematicas
80;10011381;Matematicas
87;10011382;Matematicas
79;10011383;Matematicas
38;10011384;Matematicas
38;10011385;Matematicas
67;10011386;Matematicas
64;10011387;Matematicas
57;10011388;Matematicas
62;10011389;Matematicas
73;10011390;Matematicas
73;10011391;Matematicas
77;10011392;Matematicas
76;10011393;Matematicas
57;10011394;Matematicas
65;10011395;Matematicas
48;10011396;Matematicas
50;10011397;Matematicas
85;10011398;Matematicas
74;10011399;Matematicas
60;10011400;Matematicas
59;10011401;Matematicas
53;10011402;Matematicas
49;10011403;Matematicas
88;10011404;Matematicas
54;10011405;Matematicas
63;10011406;Matematicas
65;10011407;Matematicas
82;10011408;Matematicas
52;10011409;Matematicas
87;10011410;Matematicas
70;10011411;Matematicas
84;10011412;Matematicas
71;10011413;Matematicas
63;10011414;Matematicas
51;10011415;Matematicas
84;10011416;Matematicas
71;10011417;Matematicas
74;10011418;Matematicas
68;10011419;Matematicas
57;10011420;Matematicas
82;10011421;Matematicas
57;10011422;Matematicas
47;10011423;Matematicas
59;10011424;Matematicas
41;10011425;Matematicas
62;10011426;Matematicas
86;10011427;Matematicas
69;10011428;Matematicas
65;10011429;Matematicas
68;10011430;Matematicas
64;10011431;Matematicas
61;10011432;Matematicas
61;10011433;Matematicas
47;10011434;Matematicas
73;10011435;Matematicas
50;10011436;Matematicas
75;10011437;Matematicas
75;10011438;Matematicas
70;10011439;Matematicas
89;10011440;Matematicas
67;10011441;Matematicas
78;10011442;Matematicas
59;10011443;Matematicas
73;10011444;Matematicas
79;10011445;Matematicas
67;10011446;Matematicas
69;10011447;Matematicas
86;10011448;Matematicas
47;10011449;Matematicas
81;10011450;Matematicas
64;10011451;Matematicas
100;10011452;Matematicas
65;10011453;Matematicas
65;10011454;Matematicas
53;10011455;Matematicas
37;10011456;Matematicas
79;10011457;Matematicas
53;10011458;Matematicas
100;10011459;Matematicas
72;10011460;Matematicas
53;10011461;Matematicas
54;10011462;Matematicas
71;10011463;Matematicas
77;10011464;Matematicas
75;10011465;Matematicas
84;10011466;Matematicas
26;10011467;Matematicas
72;10011468;Matematicas
77;10011469;Matematicas
91;10011470;Matematicas
83;10011471;Matematicas
63;10011472;Matematicas
68;10011473;Matematicas
59;10011474;Matematicas
90;10011475;Matematicas
71;10011476;Matematicas
76;10011477;Matematicas
80;10011478;Matematicas
55;10011479;Matematicas
76;10011480;Matematicas
73;10011481;Matematicas
52;10011482;Matematicas
68;10011483;Matematicas
59;10011484;Matematicas
49;10011485;Matematicas
70;10011486;Matematicas
61;10011487;Matematicas
60;10011488;Matematicas
64;10011489;Matematicas
79;10011490;Matematicas
65;10011491;Matematicas
64;10011492;Matematicas
83;10011493;Matematicas
81;10011494;Matematicas
54;10011495;Matematicas
68;10011496;Matematicas
54;10011497;Matematicas
59;10011498;Matematicas
66;10011499;Matematicas
76;10011500;Matematicas
74;10011501;Matematicas
94;10011502;Matematicas
63;10011503;Matematicas
95;10011504;Matematicas
40;10011505;Matematicas
82;10011506;Matematicas
68;10011507;Matematicas
55;10011508;Matematicas
79;10011509;Matematicas
86;10011510;Matematicas
76;10011511;Matematicas
64;10011512;Matematicas
62;10011513;Matematicas
54;10011514;Matematicas
77;10011515;Matematicas
76;10011516;Matematicas
74;10011517;Matematicas
66;10011518;Matematicas
66;10011519;Matematicas
67;10011520;Matematicas
71;10011521;Matematicas
91;10011522;Matematicas
69;10011523;Matematicas
54;10011524;Matematicas
53;10011525;Matematicas
68;10011526;Matematicas
56;10011527;Matematicas
36;10011528;Matematicas
29;10011529;Matematicas
62;10011530;Matematicas
68;10011531;Matematicas
47;10011532;Matematicas
62;10011533;Matematicas
79;10011534;Matematicas
73;10011535;Matematicas
66;10011536;Matematicas
51;10011537;Matematicas
51;10011538;Matematicas
85;10011539;Matematicas
97;10011540;Matematicas
75;10011541;Matematicas
79;10011542;Matematicas
81;10011543;Matematicas
82;10011544;Matematicas
64;10011545;Matematicas
78;10011546;Matematicas
92;10011547;Matematicas
72;10011548;Matematicas
62;10011549;Matematicas
79;10011550;Matematicas
79;10011551;Matematicas
87;10011552;Matematicas
40;10011553;Matematicas
77;10011554;Matematicas
53;10011555;Matematicas
32;10011556;Matematicas
55;10011557;Matematicas
61;10011558;Matematicas
53;10011559;Matematicas
73;10011560;Matematicas
74;10011561;Matematicas
63;10011562;Matematicas
96;10011563;Matematicas
63;10011564;Matematicas
48;10011565;Matematicas
48;10011566;Matematicas
92;10011567;Matematicas
61;10011568;Matematicas
63;10011569;Matematicas
68;10011570;Matematicas
71;10011571;Matematicas
91;10011572;Matematicas
53;10011573;Matematicas
50;10011574;Matematicas
74;10011575;Matematicas
40;10011576;Matematicas
61;10011577;Matematicas
81;10011578;Matematicas
48;10011579;Matematicas
53;10011580;Matematicas
81;10011581;Matematicas
77;10011582;Matematicas
63;10011583;Matematicas
73;10011584;Matematicas
69;10011585;Matematicas
65;10011586;Matematicas
55;10011587;Matematicas
44;10011588;Matematicas
54;10011589;Matematicas
48;10011590;Matematicas
58;10011591;Matematicas
71;10011592;Matematicas
68;10011593;Matematicas
74;10011594;Matematicas
92;10011595;Matematicas
56;10011596;Matematicas
30;10011597;Matematicas
53;10011598;Matematicas
69;10011599;Matematicas
65;10011600;Matematicas
54;10011601;Matematicas
29;10011602;Matematicas
76;10011603;Matematicas
60;10011604;Matematicas
84;10011605;Matematicas
75;10011606;Matematicas
85;10011607;Matematicas
40;10011608;Matematicas
61;10011609;Matematicas
58;10011610;Matematicas
69;10011611;Matematicas
58;10011612;Matematicas
94;10011613;Matematicas
65;10011614;Matematicas
82;10011615;Matematicas
60;10011616;Matematicas
37;10011617;Matematicas
88;10011618;Matematicas
95;10011619;Matematicas
65;10011620;Matematicas
35;10011621;Matematicas
62;10011622;Matematicas
58;10011623;Matematicas
100;10011624;Matematicas
61;10011625;Matematicas
100;10011626;Matematicas
69;10011627;Matematicas
61;10011628;Matematicas
49;10011629;Matematicas
44;10011630;Matematicas
67;10011631;Matematicas
79;10011632;Matematicas
66;10011633;Matematicas
75;10011634;Matematicas
84;10011635;Matematicas
71;10011636;Matematicas
67;10011637;Matematicas
80;10011638;Matematicas
86;10011639;Matematicas
76;10011640;Matematicas
41;10011641;Matematicas
74;10011642;Matematicas
72;10011643;Matematicas
74;10011644;Matematicas
70;10011645;Matematicas
65;10011646;Matematicas
59;10011647;Matematicas
64;10011648;Matematicas
50;10011649;Matematicas
69;10011650;Matematicas
51;10011651;Matematicas
68;10011652;Matematicas
85;10011653;Matematicas
65;10011654;Matematicas
73;10011655;Matematicas
62;10011656;Matematicas
77;10011657;Matematicas
69;10011658;Matematicas
43;10011659;Matematicas
90;10011660;Matematicas
74;10011661;Matematicas
73;10011662;Matematicas
55;10011663;Matematicas
65;10011664;Matematicas
80;10011665;Matematicas
50;10011666;Matematicas
63;10011667;Matematicas
77;10011668;Matematicas
73;10011669;Matematicas
81;10011670;Matematicas
66;10011671;Matematicas
52;10011672;Matematicas
69;10011673;Matematicas
65;10011674;Matematicas
69;10011675;Matematicas
50;10011676;Matematicas
73;10011677;Matematicas
70;10011678;Matematicas
81;10011679;Matematicas
63;10011680;Matematicas
67;10011681;Matematicas
60;10011682;Matematicas
62;10011683;Matematicas
29;10011684;Matematicas
62;10011685;Matematicas
94;10011686;Matematicas
85;10011687;Matematicas
77;10011688;Matematicas
53;10011689;Matematicas
93;10011690;Matematicas
49;10011691;Matematicas
73;10011692;Matematicas
66;10011693;Matematicas
77;10011694;Matematicas
49;10011695;Matematicas
79;10011696;Matematicas
75;10011697;Matematicas
59;10011698;Matematicas
57;10011699;Matematicas
66;10011700;Matematicas
79;10011701;Matematicas
57;10011702;Matematicas
87;10011703;Matematicas
63;10011704;Matematicas
59;10011705;Matematicas
62;10011706;Matematicas
46;10011707;Matematicas
66;10011708;Matematicas
89;10011709;Matematicas
42;10011710;Matematicas
93;10011711;Matematicas
80;10011712;Matematicas
98;10011713;Matematicas
81;10011714;Matematicas
60;10011715;Matematicas
76;10011716;Matematicas
73;10011717;Matematicas
96;10011718;Matematicas
76;10011719;Matematicas
91;10011720;Matematicas
62;10011721;Matematicas
55;10011722;Matematicas
74;10011723;Matematicas
50;10011724;Matematicas
47;10011725;Matematicas
81;10011726;Matematicas
65;10011727;Matematicas
68;10011728;Matematicas
73;10011729;Matematicas
53;10011730;Matematicas
68;10011731;Matematicas
55;10011732;Matematicas
87;10011733;Matematicas
55;10011734;Matematicas
53;10011735;Matematicas
67;10011736;Matematicas
92;10011737;Matematicas
53;10011738;Matematicas
81;10011739;Matematicas
61;10011740;Matematicas
80;10011741;Matematicas
37;10011742;Matematicas
81;10011743;Matematicas
59;10011744;Matematicas
55;10011745;Matematicas
72;10011746;Matematicas
69;10011747;Matematicas
69;10011748;Matematicas
50;10011749;Matematicas
87;10011750;Matematicas
71;10011751;Matematicas
68;10011752;Matematicas
79;10011753;Matematicas
77;10011754;Matematicas
58;10011755;Matematicas
84;10011756;Matematicas
55;10011757;Matematicas
70;10011758;Matematicas
52;10011759;Matematicas
69;10011760;Matematicas
53;10011761;Matematicas
48;10011762;Matematicas
78;10011763;Matematicas
62;10011764;Matematicas
60;10011765;Matematicas
74;10011766;Matematicas
58;10011767;Matematicas
76;10011768;Matematicas
68;10011769;Matematicas
58;10011770;Matematicas
52;10011771;Matematicas
75;10011772;Matematicas
52;10011773;Matematicas
62;10011774;Matematicas
66;10011775;Matematicas
49;10011776;Matematicas
66;10011777;Matematicas
35;10011778;Matematicas
72;10011779;Matematicas
94;10011780;Matematicas
46;10011781;Matematicas
77;10011782;Matematicas
76;10011783;Matematicas
52;10011784;Matematicas
91;10011785;Matematicas
32;10011786;Matematicas
72;10011787;Matematicas
19;10011788;Matematicas
68;10011789;Matematicas
52;10011790;Matematicas
48;10011791;Matematicas
60;10011792;Matematicas
66;10011793;Matematicas
89;10011794;Matematicas
42;10011795;Matematicas
57;10011796;Matematicas
70;10011797;Matematicas
70;10011798;Matematicas
69;10011799;Matematicas
52;10011800;Matematicas
67;10011801;Matematicas
76;10011802;Matematicas
87;10011803;Matematicas
82;10011804;Matematicas
73;10011805;Matematicas
75;10011806;Matematicas
64;10011807;Matematicas
41;10011808;Matematicas
90;10011809;Matematicas
59;10011810;Matematicas
51;10011811;Matematicas
45;10011812;Matematicas
54;10011813;Matematicas
87;10011814;Matematicas
72;10011815;Matematicas
94;10011816;Matematicas
45;10011817;Matematicas
61;10011818;Matematicas
60;10011819;Matematicas
77;10011820;Matematicas
85;10011821;Matematicas
78;10011822;Matematicas
49;10011823;Matematicas
71;10011824;Matematicas
48;10011825;Matematicas
62;10011826;Matematicas
56;10011827;Matematicas
65;10011828;Matematicas
69;10011829;Matematicas
68;10011830;Matematicas
61;10011831;Matematicas
74;10011832;Matematicas
64;10011833;Matematicas
77;10011834;Matematicas
58;10011835;Matematicas
60;10011836;Matematicas
73;10011837;Matematicas
75;10011838;Matematicas
58;10011839;Matematicas
66;10011840;Matematicas
39;10011841;Matematicas
64;10011842;Matematicas
23;10011843;Matematicas
74;10011844;Matematicas
40;10011845;Matematicas
90;10011846;Matematicas
91;10011847;Matematicas
64;10011848;Matematicas
59;10011849;Matematicas
80;10011850;Matematicas
71;10011851;Matematicas
61;10011852;Matematicas
87;10011853;Matematicas
82;10011854;Matematicas
62;10011855;Matematicas
97;10011856;Matematicas
75;10011857;Matematicas
65;10011858;Matematicas
52;10011859;Matematicas
87;10011860;Matematicas
53;10011861;Matematicas
81;10011862;Matematicas
39;10011863;Matematicas
71;10011864;Matematicas
97;10011865;Matematicas
82;10011866;Matematicas
59;10011867;Matematicas
61;10011868;Matematicas
78;10011869;Matematicas
49;10011870;Matematicas
59;10011871;Matematicas
70;10011872;Matematicas
82;10011873;Matematicas
90;10011874;Matematicas
43;10011875;Matematicas
80;10011876;Matematicas
81;10011877;Matematicas
57;10011878;Matematicas
59;10011879;Matematicas
64;10011880;Matematicas
63;10011881;Matematicas
71;10011882;Matematicas
64;10011883;Matematicas
55;10011884;Matematicas
51;10011885;Matematicas
62;10011886;Matematicas
93;10011887;Matematicas
54;10011888;Matematicas
69;10011889;Matematicas
44;10011890;Matematicas
86;10011891;Matematicas
85;10011892;Matematicas
50;10011893;Matematicas
88;10011894;Matematicas
59;10011895;Matematicas
32;10011896;Matematicas
36;10011897;Matematicas
63;10011898;Matematicas
67;10011899;Matematicas
65;10011900;Matematicas
85;10011901;Matematicas
73;10011902;Matematicas
34;10011903;Matematicas
93;10011904;Matematicas
67;10011905;Matematicas
88;10011906;Matematicas
57;10011907;Matematicas
79;10011908;Matematicas
67;10011909;Matematicas
70;10011910;Matematicas
50;10011911;Matematicas
69;10011912;Matematicas
52;10011913;Matematicas
47;10011914;Matematicas
46;10011915;Matematicas
68;10011916;Matematicas
100;10011917;Matematicas
44;10011918;Matematicas
57;10011919;Matematicas
91;10011920;Matematicas
69;10011921;Matematicas
35;10011922;Matematicas
72;10011923;Matematicas
54;10011924;Matematicas
74;10011925;Matematicas
74;10011926;Matematicas
64;10011927;Matematicas
65;10011928;Matematicas
46;10011929;Matematicas
48;10011930;Matematicas
67;10011931;Matematicas
62;10011932;Matematicas
61;10011933;Matematicas
70;10011934;Matematicas
98;10011935;Matematicas
70;10011936;Matematicas
67;10011937;Matematicas
57;10011938;Matematicas
85;10011939;Matematicas
77;10011940;Matematicas
72;10011941;Matematicas
78;10011942;Matematicas
81;10011943;Matematicas
61;10011944;Matematicas
58;10011945;Matematicas
54;10011946;Matematicas
82;10011947;Matematicas
49;10011948;Matematicas
49;10011949;Matematicas
57;10011950;Matematicas
94;10011951;Matematicas
75;10011952;Matematicas
74;10011953;Matematicas
58;10011954;Matematicas
62;10011955;Matematicas
72;10011956;Matematicas
84;10011957;Matematicas
92;10011958;Matematicas
45;10011959;Matematicas
75;10011960;Matematicas
56;10011961;Matematicas
48;10011962;Matematicas
100;10011963;Matematicas
65;10011964;Matematicas
72;10011965;Matematicas
62;10011966;Matematicas
66;10011967;Matematicas
63;10011968;Matematicas
68;10011969;Matematicas
75;10011970;Matematicas
89;10011971;Matematicas
78;10011972;Matematicas
53;10011973;Matematicas
49;10011974;Matematicas
54;10011975;Matematicas
64;10011976;Matematicas
60;10011977;Matematicas
62;10011978;Matematicas
55;10011979;Matematicas
91;10011980;Matematicas
8;10011981;Matematicas
81;10011982;Matematicas
79;10011983;Matematicas
78;10011984;Matematicas
74;10011985;Matematicas
57;10011986;Matematicas
40;10011987;Matematicas
81;10011988;Matematicas
44;10011989;Matematicas
67;10011990;Matematicas
86;10011991;Matematicas
65;10011992;Matematicas
55;10011993;Matematicas
62;10011994;Matematicas
63;10011995;Matematicas
88;10011996;Matematicas
62;10011997;Matematicas
59;10011998;Matematicas
68;10011999;Matematicas
77;10012000;Matematicas
72;10011001;Lectura
90;10011002;Lectura
95;10011003;Lectura
57;10011004;Lectura
78;10011005;Lectura
83;10011006;Lectura
95;10011007;Lectura
43;10011008;Lectura
64;10011009;Lectura
60;10011010;Lectura
54;10011011;Lectura
52;10011012;Lectura
81;10011013;Lectura
72;10011014;Lectura
53;10011015;Lectura
75;10011016;Lectura
89;10011017;Lectura
32;10011018;Lectura
42;10011019;Lectura
58;10011020;Lectura
69;10011021;Lectura
75;10011022;Lectura
54;10011023;Lectura
73;10011024;Lectura
71;10011025;Lectura
74;10011026;Lectura
54;10011027;Lectura
69;10011028;Lectura
70;10011029;Lectura
70;10011030;Lectura
74;10011031;Lectura
65;10011032;Lectura
72;10011033;Lectura
42;10011034;Lectura
87;10011035;Lectura
81;10011036;Lectura
81;10011037;Lectura
64;10011038;Lectura
90;10011039;Lectura
56;10011040;Lectura
61;10011041;Lectura
73;10011042;Lectura
58;10011043;Lectura
65;10011044;Lectura
56;10011045;Lectura
54;10011046;Lectura
65;10011047;Lectura
71;10011048;Lectura
74;10011049;Lectura
84;10011050;Lectura
55;10011051;Lectura
69;10011052;Lectura
44;10011053;Lectura
78;10011054;Lectura
84;10011055;Lectura
41;10011056;Lectura
85;10011057;Lectura
55;10011058;Lectura
59;10011059;Lectura
17;10011060;Lectura
74;10011061;Lectura
39;10011062;Lectura
61;10011063;Lectura
80;10011064;Lectura
58;10011065;Lectura
64;10011066;Lectura
37;10011067;Lectura
72;10011068;Lectura
58;10011069;Lectura
64;10011070;Lectura
63;10011071;Lectura
55;10011072;Lectura
51;10011073;Lectura
57;10011074;Lectura
49;10011075;Lectura
41;10011076;Lectura
26;10011077;Lectura
78;10011078;Lectura
74;10011079;Lectura
68;10011080;Lectura
49;10011081;Lectura
45;10011082;Lectura
47;10011083;Lectura
64;10011084;Lectura
39;10011085;Lectura
80;10011086;Lectura
83;10011087;Lectura
71;10011088;Lectura
70;10011089;Lectura
86;10011090;Lectura
72;10011091;Lectura
34;10011092;Lectura
79;10011093;Lectura
45;10011094;Lectura
86;10011095;Lectura
81;10011096;Lectura
66;10011097;Lectura
72;10011098;Lectura
67;10011099;Lectura
67;10011100;Lectura
67;10011101;Lectura
74;10011102;Lectura
91;10011103;Lectura
44;10011104;Lectura
86;10011105;Lectura
67;10011106;Lectura
100;10011107;Lectura
63;10011108;Lectura
76;10011109;Lectura
64;10011110;Lectura
89;10011111;Lectura
55;10011112;Lectura
53;10011113;Lectura
58;10011114;Lectura
100;10011115;Lectura
77;10011116;Lectura
85;10011117;Lectura
82;10011118;Lectura
63;10011119;Lectura
69;10011120;Lectura
92;10011121;Lectura
89;10011122;Lectura
93;10011123;Lectura
57;10011124;Lectura
80;10011125;Lectura
95;10011126;Lectura
68;10011127;Lectura
77;10011128;Lectura
82;10011129;Lectura
49;10011130;Lectura
84;10011131;Lectura
37;10011132;Lectura
74;10011133;Lectura
81;10011134;Lectura
79;10011135;Lectura
55;10011136;Lectura
54;10011137;Lectura
55;10011138;Lectura
66;10011139;Lectura
61;10011140;Lectura
72;10011141;Lectura
62;10011142;Lectura
55;10011143;Lectura
43;10011144;Lectura
73;10011145;Lectura
39;10011146;Lectura
84;10011147;Lectura
68;10011148;Lectura
75;10011149;Lectura
100;10011150;Lectura
67;10011151;Lectura
67;10011152;Lectura
70;10011153;Lectura
49;10011154;Lectura
67;10011155;Lectura
89;10011156;Lectura
74;10011157;Lectura
60;10011158;Lectura
86;10011159;Lectura
62;10011160;Lectura
78;10011161;Lectura
88;10011162;Lectura
53;10011163;Lectura
53;10011164;Lectura
92;10011165;Lectura
100;10011166;Lectura
51;10011167;Lectura
76;10011168;Lectura
83;10011169;Lectura
75;10011170;Lectura
73;10011171;Lectura
88;10011172;Lectura
86;10011173;Lectura
67;10011174;Lectura
51;10011175;Lectura
91;10011176;Lectura
54;10011177;Lectura
77;10011178;Lectura
70;10011179;Lectura
100;10011180;Lectura
68;10011181;Lectura
64;10011182;Lectura
50;10011183;Lectura
69;10011184;Lectura
52;10011185;Lectura
67;10011186;Lectura
76;10011187;Lectura
66;10011188;Lectura
52;10011189;Lectura
88;10011190;Lectura
65;10011191;Lectura
83;10011192;Lectura
64;10011193;Lectura
62;10011194;Lectura
84;10011195;Lectura
55;10011196;Lectura
69;10011197;Lectura
56;10011198;Lectura
53;10011199;Lectura
79;10011200;Lectura
84;10011201;Lectura
81;10011202;Lectura
77;10011203;Lectura
69;10011204;Lectura
41;10011205;Lectura
71;10011206;Lectura
62;10011207;Lectura
80;10011208;Lectura
81;10011209;Lectura
61;10011210;Lectura
79;10011211;Lectura
28;10011212;Lectura
62;10011213;Lectura
51;10011214;Lectura
91;10011215;Lectura
83;10011216;Lectura
86;10011217;Lectura
42;10011218;Lectura
77;10011219;Lectura
56;10011220;Lectura
68;10011221;Lectura
85;10011222;Lectura
65;10011223;Lectura
80;10011224;Lectura
66;10011225;Lectura
56;10011226;Lectura
72;10011227;Lectura
50;10011228;Lectura
72;10011229;Lectura
95;10011230;Lectura
64;10011231;Lectura
43;10011232;Lectura
86;10011233;Lectura
87;10011234;Lectura
82;10011235;Lectura
75;10011236;Lectura
66;10011237;Lectura
60;10011238;Lectura
52;10011239;Lectura
80;10011240;Lectura
68;10011241;Lectura
83;10011242;Lectura
52;10011243;Lectura
51;10011244;Lectura
74;10011245;Lectura
76;10011246;Lectura
76;10011247;Lectura
70;10011248;Lectura
64;10011249;Lectura
60;10011250;Lectura
49;10011251;Lectura
83;10011252;Lectura
70;10011253;Lectura
80;10011254;Lectura
52;10011255;Lectura
73;10011256;Lectura
73;10011257;Lectura
77;10011258;Lectura
75;10011259;Lectura
81;10011260;Lectura
79;10011261;Lectura
79;10011262;Lectura
50;10011263;Lectura
93;10011264;Lectura
73;10011265;Lectura
42;10011266;Lectura
75;10011267;Lectura
72;10011268;Lectura
92;10011269;Lectura
76;10011270;Lectura
63;10011271;Lectura
49;10011272;Lectura
53;10011273;Lectura
70;10011274;Lectura
85;10011275;Lectura
78;10011276;Lectura
92;10011277;Lectura
63;10011278;Lectura
86;10011279;Lectura
56;10011280;Lectura
52;10011281;Lectura
48;10011282;Lectura
79;10011283;Lectura
78;10011284;Lectura
46;10011285;Lectura
82;10011286;Lectura
82;10011287;Lectura
89;10011288;Lectura
75;10011289;Lectura
76;10011290;Lectura
70;10011291;Lectura
73;10011292;Lectura
60;10011293;Lectura
73;10011294;Lectura
77;10011295;Lectura
62;10011296;Lectura
41;10011297;Lectura
74;10011298;Lectura
46;10011299;Lectura
87;10011300;Lectura
78;10011301;Lectura
54;10011302;Lectura
84;10011303;Lectura
76;10011304;Lectura
75;10011305;Lectura
67;10011306;Lectura
87;10011307;Lectura
52;10011308;Lectura
71;10011309;Lectura
57;10011310;Lectura
76;10011311;Lectura
60;10011312;Lectura
61;10011313;Lectura
67;10011314;Lectura
64;10011315;Lectura
66;10011316;Lectura
82;10011317;Lectura
72;10011318;Lectura
71;10011319;Lectura
65;10011320;Lectura
79;10011321;Lectura
86;10011322;Lectura
81;10011323;Lectura
53;10011324;Lectura
46;10011325;Lectura
90;10011326;Lectura
61;10011327;Lectura
23;10011328;Lectura
75;10011329;Lectura
55;10011330;Lectura
60;10011331;Lectura
37;10011332;Lectura
56;10011333;Lectura
78;10011334;Lectura
93;10011335;Lectura
68;10011336;Lectura
70;10011337;Lectura
51;10011338;Lectura
38;10011339;Lectura
55;10011340;Lectura
61;10011341;Lectura
73;10011342;Lectura
76;10011343;Lectura
72;10011344;Lectura
73;10011345;Lectura
80;10011346;Lectura
61;10011347;Lectura
94;10011348;Lectura
74;10011349;Lectura
74;10011350;Lectura
65;10011351;Lectura
57;10011352;Lectura
78;10011353;Lectura
58;10011354;Lectura
71;10011355;Lectura
72;10011356;Lectura
61;10011357;Lectura
66;10011358;Lectura
62;10011359;Lectura
90;10011360;Lectura
62;10011361;Lectura
84;10011362;Lectura
58;10011363;Lectura
34;10011364;Lectura
60;10011365;Lectura
58;10011366;Lectura
58;10011367;Lectura
66;10011368;Lectura
64;10011369;Lectura
84;10011370;Lectura
77;10011371;Lectura
73;10011372;Lectura
74;10011373;Lectura
97;10011374;Lectura
70;10011375;Lectura
43;10011376;Lectura
90;10011377;Lectura
95;10011378;Lectura
83;10011379;Lectura
64;10011380;Lectura
86;10011381;Lectura
100;10011382;Lectura
81;10011383;Lectura
49;10011384;Lectura
43;10011385;Lectura
76;10011386;Lectura
73;10011387;Lectura
78;10011388;Lectura
64;10011389;Lectura
70;10011390;Lectura
67;10011391;Lectura
68;10011392;Lectura
67;10011393;Lectura
54;10011394;Lectura
74;10011395;Lectura
45;10011396;Lectura
67;10011397;Lectura
89;10011398;Lectura
63;10011399;Lectura
59;10011400;Lectura
54;10011401;Lectura
43;10011402;Lectura
65;10011403;Lectura
99;10011404;Lectura
59;10011405;Lectura
73;10011406;Lectura
65;10011407;Lectura
80;10011408;Lectura
57;10011409;Lectura
84;10011410;Lectura
71;10011411;Lectura
83;10011412;Lectura
66;10011413;Lectura
67;10011414;Lectura
72;10011415;Lectura
73;10011416;Lectura
74;10011417;Lectura
73;10011418;Lectura
59;10011419;Lectura
56;10011420;Lectura
93;10011421;Lectura
58;10011422;Lectura
58;10011423;Lectura
85;10011424;Lectura
39;10011425;Lectura
67;10011426;Lectura
83;10011427;Lectura
71;10011428;Lectura
59;10011429;Lectura
63;10011430;Lectura
66;10011431;Lectura
72;10011432;Lectura
56;10011433;Lectura
59;10011434;Lectura
66;10011435;Lectura
48;10011436;Lectura
68;10011437;Lectura
66;10011438;Lectura
56;10011439;Lectura
88;10011440;Lectura
81;10011441;Lectura
81;10011442;Lectura
73;10011443;Lectura
83;10011444;Lectura
82;10011445;Lectura
74;10011446;Lectura
66;10011447;Lectura
81;10011448;Lectura
46;10011449;Lectura
73;10011450;Lectura
85;10011451;Lectura
92;10011452;Lectura
77;10011453;Lectura
58;10011454;Lectura
61;10011455;Lectura
56;10011456;Lectura
89;10011457;Lectura
54;10011458;Lectura
100;10011459;Lectura
65;10011460;Lectura
58;10011461;Lectura
54;10011462;Lectura
70;10011463;Lectura
90;10011464;Lectura
58;10011465;Lectura
87;10011466;Lectura
31;10011467;Lectura
67;10011468;Lectura
88;10011469;Lectura
74;10011470;Lectura
85;10011471;Lectura
69;10011472;Lectura
86;10011473;Lectura
67;10011474;Lectura
90;10011475;Lectura
76;10011476;Lectura
62;10011477;Lectura
68;10011478;Lectura
64;10011479;Lectura
71;10011480;Lectura
71;10011481;Lectura
59;10011482;Lectura
68;10011483;Lectura
52;10011484;Lectura
52;10011485;Lectura
74;10011486;Lectura
47;10011487;Lectura
75;10011488;Lectura
53;10011489;Lectura
82;10011490;Lectura
85;10011491;Lectura
64;10011492;Lectura
83;10011493;Lectura
88;10011494;Lectura
64;10011495;Lectura
64;10011496;Lectura
48;10011497;Lectura
78;10011498;Lectura
69;10011499;Lectura
71;10011500;Lectura
79;10011501;Lectura
87;10011502;Lectura
61;10011503;Lectura
89;10011504;Lectura
59;10011505;Lectura
82;10011506;Lectura
70;10011507;Lectura
59;10011508;Lectura
78;10011509;Lectura
92;10011510;Lectura
71;10011511;Lectura
50;10011512;Lectura
49;10011513;Lectura
61;10011514;Lectura
97;10011515;Lectura
87;10011516;Lectura
89;10011517;Lectura
74;10011518;Lectura
78;10011519;Lectura
78;10011520;Lectura
49;10011521;Lectura
86;10011522;Lectura
58;10011523;Lectura
59;10011524;Lectura
52;10011525;Lectura
60;10011526;Lectura
61;10011527;Lectura
53;10011528;Lectura
41;10011529;Lectura
74;10011530;Lectura
67;10011531;Lectura
54;10011532;Lectura
61;10011533;Lectura
88;10011534;Lectura
69;10011535;Lectura
83;10011536;Lectura
60;10011537;Lectura
66;10011538;Lectura
66;10011539;Lectura
92;10011540;Lectura
69;10011541;Lectura
82;10011542;Lectura
77;10011543;Lectura
95;10011544;Lectura
63;10011545;Lectura
83;10011546;Lectura
100;10011547;Lectura
67;10011548;Lectura
67;10011549;Lectura
72;10011550;Lectura
76;10011551;Lectura
90;10011552;Lectura
48;10011553;Lectura
62;10011554;Lectura
45;10011555;Lectura
39;10011556;Lectura
72;10011557;Lectura
67;10011558;Lectura
70;10011559;Lectura
66;10011560;Lectura
75;10011561;Lectura
74;10011562;Lectura
90;10011563;Lectura
80;10011564;Lectura
51;10011565;Lectura
43;10011566;Lectura
100;10011567;Lectura
71;10011568;Lectura
48;10011569;Lectura
68;10011570;Lectura
75;10011571;Lectura
96;10011572;Lectura
62;10011573;Lectura
66;10011574;Lectura
81;10011575;Lectura
55;10011576;Lectura
51;10011577;Lectura
91;10011578;Lectura
56;10011579;Lectura
61;10011580;Lectura
97;10011581;Lectura
79;10011582;Lectura
73;10011583;Lectura
75;10011584;Lectura
77;10011585;Lectura
76;10011586;Lectura
73;10011587;Lectura
63;10011588;Lectura
64;10011589;Lectura
66;10011590;Lectura
57;10011591;Lectura
62;10011592;Lectura
68;10011593;Lectura
76;10011594;Lectura
100;10011595;Lectura
79;10011596;Lectura
24;10011597;Lectura
54;10011598;Lectura
77;10011599;Lectura
82;10011600;Lectura
60;10011601;Lectura
29;10011602;Lectura
78;10011603;Lectura
57;10011604;Lectura
89;10011605;Lectura
72;10011606;Lectura
84;10011607;Lectura
58;10011608;Lectura
64;10011609;Lectura
63;10011610;Lectura
60;10011611;Lectura
59;10011612;Lectura
90;10011613;Lectura
77;10011614;Lectura
93;10011615;Lectura
68;10011616;Lectura
45;10011617;Lectura
78;10011618;Lectura
81;10011619;Lectura
73;10011620;Lectura
61;10011621;Lectura
63;10011622;Lectura
51;10011623;Lectura
96;10011624;Lectura
58;10011625;Lectura
97;10011626;Lectura
70;10011627;Lectura
48;10011628;Lectura
57;10011629;Lectura
51;10011630;Lectura
64;10011631;Lectura
60;10011632;Lectura
74;10011633;Lectura
88;10011634;Lectura
84;10011635;Lectura
74;10011636;Lectura
80;10011637;Lectura
92;10011638;Lectura
76;10011639;Lectura
74;10011640;Lectura
52;10011641;Lectura
88;10011642;Lectura
81;10011643;Lectura
79;10011644;Lectura
65;10011645;Lectura
81;10011646;Lectura
70;10011647;Lectura
62;10011648;Lectura
53;10011649;Lectura
79;10011650;Lectura
56;10011651;Lectura
80;10011652;Lectura
86;10011653;Lectura
70;10011654;Lectura
79;10011655;Lectura
67;10011656;Lectura
67;10011657;Lectura
66;10011658;Lectura
60;10011659;Lectura
87;10011660;Lectura
77;10011661;Lectura
66;10011662;Lectura
71;10011663;Lectura
69;10011664;Lectura
63;10011665;Lectura
60;10011666;Lectura
73;10011667;Lectura
85;10011668;Lectura
74;10011669;Lectura
72;10011670;Lectura
76;10011671;Lectura
57;10011672;Lectura
78;10011673;Lectura
84;10011674;Lectura
77;10011675;Lectura
64;10011676;Lectura
78;10011677;Lectura
82;10011678;Lectura
75;10011679;Lectura
61;10011680;Lectura
72;10011681;Lectura
68;10011682;Lectura
55;10011683;Lectura
40;10011684;Lectura
66;10011685;Lectura
99;10011686;Lectura
75;10011687;Lectura
78;10011688;Lectura
58;10011689;Lectura
90;10011690;Lectura
53;10011691;Lectura
76;10011692;Lectura
74;10011693;Lectura
77;10011694;Lectura
63;10011695;Lectura
89;10011696;Lectura
82;10011697;Lectura
72;10011698;Lectura
78;10011699;Lectura
66;10011700;Lectura
81;10011701;Lectura
67;10011702;Lectura
84;10011703;Lectura
64;10011704;Lectura
63;10011705;Lectura
72;10011706;Lectura
34;10011707;Lectura
59;10011708;Lectura
87;10011709;Lectura
61;10011710;Lectura
84;10011711;Lectura
85;10011712;Lectura
100;10011713;Lectura
81;10011714;Lectura
70;10011715;Lectura
94;10011716;Lectura
78;10011717;Lectura
96;10011718;Lectura
76;10011719;Lectura
73;10011720;Lectura
72;10011721;Lectura
59;10011722;Lectura
90;10011723;Lectura
48;10011724;Lectura
43;10011725;Lectura
74;10011726;Lectura
75;10011727;Lectura
51;10011728;Lectura
92;10011729;Lectura
39;10011730;Lectura
77;10011731;Lectura
46;10011732;Lectura
89;10011733;Lectura
47;10011734;Lectura
58;10011735;Lectura
57;10011736;Lectura
79;10011737;Lectura
66;10011738;Lectura
71;10011739;Lectura
60;10011740;Lectura
73;10011741;Lectura
57;10011742;Lectura
84;10011743;Lectura
73;10011744;Lectura
55;10011745;Lectura
79;10011746;Lectura
75;10011747;Lectura
64;10011748;Lectura
60;10011749;Lectura
84;10011750;Lectura
69;10011751;Lectura
72;10011752;Lectura
77;10011753;Lectura
90;10011754;Lectura
55;10011755;Lectura
95;10011756;Lectura
58;10011757;Lectura
68;10011758;Lectura
59;10011759;Lectura
77;10011760;Lectura
72;10011761;Lectura
58;10011762;Lectura
81;10011763;Lectura
62;10011764;Lectura
63;10011765;Lectura
72;10011766;Lectura
75;10011767;Lectura
62;10011768;Lectura
71;10011769;Lectura
60;10011770;Lectura
48;10011771;Lectura
73;10011772;Lectura
67;10011773;Lectura
78;10011774;Lectura
65;10011775;Lectura
58;10011776;Lectura
72;10011777;Lectura
44;10011778;Lectura
79;10011779;Lectura
85;10011780;Lectura
56;10011781;Lectura
90;10011782;Lectura
85;10011783;Lectura
59;10011784;Lectura
81;10011785;Lectura
51;10011786;Lectura
79;10011787;Lectura
38;10011788;Lectura
65;10011789;Lectura
65;10011790;Lectura
62;10011791;Lectura
66;10011792;Lectura
74;10011793;Lectura
84;10011794;Lectura
52;10011795;Lectura
68;10011796;Lectura
70;10011797;Lectura
84;10011798;Lectura
60;10011799;Lectura
55;10011800;Lectura
73;10011801;Lectura
80;10011802;Lectura
94;10011803;Lectura
85;10011804;Lectura
76;10011805;Lectura
81;10011806;Lectura
74;10011807;Lectura
45;10011808;Lectura
75;10011809;Lectura
54;10011810;Lectura
31;10011811;Lectura
47;10011812;Lectura
64;10011813;Lectura
84;10011814;Lectura
80;10011815;Lectura
86;10011816;Lectura
59;10011817;Lectura
70;10011818;Lectura
72;10011819;Lectura
91;10011820;Lectura
90;10011821;Lectura
90;10011822;Lectura
52;10011823;Lectura
87;10011824;Lectura
58;10011825;Lectura
67;10011826;Lectura
68;10011827;Lectura
69;10011828;Lectura
86;10011829;Lectura
54;10011830;Lectura
60;10011831;Lectura
86;10011832;Lectura
60;10011833;Lectura
82;10011834;Lectura
50;10011835;Lectura
64;10011836;Lectura
64;10011837;Lectura
82;10011838;Lectura
57;10011839;Lectura
77;10011840;Lectura
52;10011841;Lectura
58;10011842;Lectura
44;10011843;Lectura
77;10011844;Lectura
65;10011845;Lectura
85;10011846;Lectura
85;10011847;Lectura
54;10011848;Lectura
72;10011849;Lectura
75;10011850;Lectura
67;10011851;Lectura
68;10011852;Lectura
85;10011853;Lectura
67;10011854;Lectura
64;10011855;Lectura
97;10011856;Lectura
68;10011857;Lectura
79;10011858;Lectura
49;10011859;Lectura
73;10011860;Lectura
62;10011861;Lectura
86;10011862;Lectura
42;10011863;Lectura
71;10011864;Lectura
93;10011865;Lectura
82;10011866;Lectura
53;10011867;Lectura
42;10011868;Lectura
74;10011869;Lectura
51;10011870;Lectura
58;10011871;Lectura
72;10011872;Lectura
84;10011873;Lectura
90;10011874;Lectura
62;10011875;Lectura
64;10011876;Lectura
82;10011877;Lectura
61;10011878;Lectura
72;10011879;Lectura
76;10011880;Lectura
64;10011881;Lectura
70;10011882;Lectura
73;10011883;Lectura
46;10011884;Lectura
51;10011885;Lectura
76;10011886;Lectura
100;10011887;Lectura
72;10011888;Lectura
65;10011889;Lectura
51;10011890;Lectura
85;10011891;Lectura
92;10011892;Lectura
67;10011893;Lectura
74;10011894;Lectura
62;10011895;Lectura
34;10011896;Lectura
29;10011897;Lectura
78;10011898;Lectura
54;10011899;Lectura
78;10011900;Lectura
84;10011901;Lectura
78;10011902;Lectura
48;10011903;Lectura
100;10011904;Lectura
84;10011905;Lectura
77;10011906;Lectura
48;10011907;Lectura
84;10011908;Lectura
75;10011909;Lectura
64;10011910;Lectura
42;10011911;Lectura
84;10011912;Lectura
61;10011913;Lectura
62;10011914;Lectura
61;10011915;Lectura
70;10011916;Lectura
100;10011917;Lectura
61;10011918;Lectura
77;10011919;Lectura
96;10011920;Lectura
70;10011921;Lectura
53;10011922;Lectura
66;10011923;Lectura
65;10011924;Lectura
70;10011925;Lectura
64;10011926;Lectura
56;10011927;Lectura
61;10011928;Lectura
43;10011929;Lectura
56;10011930;Lectura
74;10011931;Lectura
57;10011932;Lectura
71;10011933;Lectura
75;10011934;Lectura
87;10011935;Lectura
63;10011936;Lectura
57;10011937;Lectura
58;10011938;Lectura
81;10011939;Lectura
68;10011940;Lectura
66;10011941;Lectura
91;10011942;Lectura
66;10011943;Lectura
62;10011944;Lectura
68;10011945;Lectura
61;10011946;Lectura
82;10011947;Lectura
58;10011948;Lectura
50;10011949;Lectura
75;10011950;Lectura
73;10011951;Lectura
77;10011952;Lectura
74;10011953;Lectura
52;10011954;Lectura
69;10011955;Lectura
57;10011956;Lectura
87;10011957;Lectura
100;10011958;Lectura
63;10011959;Lectura
81;10011960;Lectura
58;10011961;Lectura
54;10011962;Lectura
100;10011963;Lectura
76;10011964;Lectura
57;10011965;Lectura
70;10011966;Lectura
68;10011967;Lectura
63;10011968;Lectura
76;10011969;Lectura
84;10011970;Lectura
100;10011971;Lectura
72;10011972;Lectura
50;10011973;Lectura
65;10011974;Lectura
63;10011975;Lectura
82;10011976;Lectura
62;10011977;Lectura
65;10011978;Lectura
41;10011979;Lectura
95;10011980;Lectura
24;10011981;Lectura
78;10011982;Lectura
85;10011983;Lectura
87;10011984;Lectura
75;10011985;Lectura
51;10011986;Lectura
59;10011987;Lectura
75;10011988;Lectura
45;10011989;Lectura
86;10011990;Lectura
81;10011991;Lectura
82;10011992;Lectura
76;10011993;Lectura
72;10011994;Lectura
63;10011995;Lectura
99;10011996;Lectura
55;10011997;Lectura
71;10011998;Lectura
78;10011999;Lectura
86;10012000;Lectura
74;10011001;Escritura
88;10011002;Escritura
93;10011003;Escritura
44;10011004;Escritura
75;10011005;Escritura
78;10011006;Escritura
92;10011007;Escritura
39;10011008;Escritura
67;10011009;Escritura
50;10011010;Escritura
52;10011011;Escritura
43;10011012;Escritura
73;10011013;Escritura
70;10011014;Escritura
58;10011015;Escritura
78;10011016;Escritura
86;10011017;Escritura
28;10011018;Escritura
46;10011019;Escritura
61;10011020;Escritura
63;10011021;Escritura
70;10011022;Escritura
53;10011023;Escritura
73;10011024;Escritura
80;10011025;Escritura
72;10011026;Escritura
55;10011027;Escritura
75;10011028;Escritura
65;10011029;Escritura
75;10011030;Escritura
74;10011031;Escritura
61;10011032;Escritura
65;10011033;Escritura
38;10011034;Escritura
82;10011035;Escritura
79;10011036;Escritura
83;10011037;Escritura
59;10011038;Escritura
88;10011039;Escritura
57;10011040;Escritura
54;10011041;Escritura
68;10011042;Escritura
65;10011043;Escritura
66;10011044;Escritura
54;10011045;Escritura
57;10011046;Escritura
62;10011047;Escritura
76;10011048;Escritura
76;10011049;Escritura
82;10011050;Escritura
48;10011051;Escritura
68;10011052;Escritura
42;10011053;Escritura
75;10011054;Escritura
87;10011055;Escritura
43;10011056;Escritura
86;10011057;Escritura
49;10011058;Escritura
58;10011059;Escritura
10;10011060;Escritura
72;10011061;Escritura
34;10011062;Escritura
55;10011063;Escritura
71;10011064;Escritura
59;10011065;Escritura
61;10011066;Escritura
37;10011067;Escritura
74;10011068;Escritura
56;10011069;Escritura
57;10011070;Escritura
73;10011071;Escritura
63;10011072;Escritura
48;10011073;Escritura
56;10011074;Escritura
41;10011075;Escritura
38;10011076;Escritura
22;10011077;Escritura
81;10011078;Escritura
72;10011079;Escritura
68;10011080;Escritura
50;10011081;Escritura
45;10011082;Escritura
54;10011083;Escritura
63;10011084;Escritura
34;10011085;Escritura
82;10011086;Escritura
88;10011087;Escritura
74;10011088;Escritura
67;10011089;Escritura
82;10011090;Escritura
74;10011091;Escritura
36;10011092;Escritura
71;10011093;Escritura
50;10011094;Escritura
92;10011095;Escritura
82;10011096;Escritura
62;10011097;Escritura
70;10011098;Escritura
62;10011099;Escritura
62;10011100;Escritura
67;10011101;Escritura
74;10011102;Escritura
89;10011103;Escritura
47;10011104;Escritura
90;10011105;Escritura
72;10011106;Escritura
100;10011107;Escritura
64;10011108;Escritura
70;10011109;Escritura
72;10011110;Escritura
98;10011111;Escritura
49;10011112;Escritura
47;10011113;Escritura
54;10011114;Escritura
100;10011115;Escritura
74;10011116;Escritura
82;10011117;Escritura
79;10011118;Escritura
61;10011119;Escritura
65;10011120;Escritura
89;10011121;Escritura
92;10011122;Escritura
93;10011123;Escritura
56;10011124;Escritura
73;10011125;Escritura
86;10011126;Escritura
67;10011127;Escritura
74;10011128;Escritura
74;10011129;Escritura
51;10011130;Escritura
82;10011131;Escritura
40;10011132;Escritura
70;10011133;Escritura
84;10011134;Escritura
75;10011135;Escritura
48;10011136;Escritura
41;10011137;Escritura
56;10011138;Escritura
67;10011139;Escritura
69;10011140;Escritura
71;10011141;Escritura
64;10011142;Escritura
54;10011143;Escritura
47;10011144;Escritura
78;10011145;Escritura
33;10011146;Escritura
75;10011147;Escritura
66;10011148;Escritura
81;10011149;Escritura
93;10011150;Escritura
69;10011151;Escritura
68;10011152;Escritura
66;10011153;Escritura
47;10011154;Escritura
61;10011155;Escritura
88;10011156;Escritura
78;10011157;Escritura
60;10011158;Escritura
87;10011159;Escritura
64;10011160;Escritura
74;10011161;Escritura
85;10011162;Escritura
52;10011163;Escritura
49;10011164;Escritura
91;10011165;Escritura
100;10011166;Escritura
51;10011167;Escritura
78;10011168;Escritura
78;10011169;Escritura
70;10011170;Escritura
74;10011171;Escritura
78;10011172;Escritura
81;10011173;Escritura
70;10011174;Escritura
54;10011175;Escritura
87;10011176;Escritura
58;10011177;Escritura
77;10011178;Escritura
62;10011179;Escritura
100;10011180;Escritura
75;10011181;Escritura
66;10011182;Escritura
47;10011183;Escritura
70;10011184;Escritura
49;10011185;Escritura
65;10011186;Escritura
65;10011187;Escritura
68;10011188;Escritura
45;10011189;Escritura
87;10011190;Escritura
69;10011191;Escritura
79;10011192;Escritura
66;10011193;Escritura
62;10011194;Escritura
85;10011195;Escritura
52;10011196;Escritura
65;10011197;Escritura
51;10011198;Escritura
55;10011199;Escritura
76;10011200;Escritura
86;10011201;Escritura
77;10011202;Escritura
69;10011203;Escritura
68;10011204;Escritura
42;10011205;Escritura
78;10011206;Escritura
62;10011207;Escritura
76;10011208;Escritura
76;10011209;Escritura
66;10011210;Escritura
79;10011211;Escritura
27;10011212;Escritura
60;10011213;Escritura
56;10011214;Escritura
81;10011215;Escritura
75;10011216;Escritura
88;10011217;Escritura
39;10011218;Escritura
70;10011219;Escritura
56;10011220;Escritura
74;10011221;Escritura
73;10011222;Escritura
62;10011223;Escritura
75;10011224;Escritura
73;10011225;Escritura
54;10011226;Escritura
71;10011227;Escritura
54;10011228;Escritura
64;10011229;Escritura
94;10011230;Escritura
66;10011231;Escritura
42;10011232;Escritura
83;10011233;Escritura
78;10011234;Escritura
84;10011235;Escritura
77;10011236;Escritura
67;10011237;Escritura
74;10011238;Escritura
51;10011239;Escritura
80;10011240;Escritura
66;10011241;Escritura
83;10011242;Escritura
55;10011243;Escritura
43;10011244;Escritura
69;10011245;Escritura
71;10011246;Escritura
74;10011247;Escritura
68;10011248;Escritura
62;10011249;Escritura
53;10011250;Escritura
49;10011251;Escritura
83;10011252;Escritura
70;10011253;Escritura
72;10011254;Escritura
52;10011255;Escritura
70;10011256;Escritura
68;10011257;Escritura
77;10011258;Escritura
78;10011259;Escritura
81;10011260;Escritura
77;10011261;Escritura
78;10011262;Escritura
51;10011263;Escritura
90;10011264;Escritura
68;10011265;Escritura
41;10011266;Escritura
81;10011267;Escritura
77;10011268;Escritura
95;10011269;Escritura
70;10011270;Escritura
61;10011271;Escritura
42;10011272;Escritura
58;10011273;Escritura
71;10011274;Escritura
76;10011275;Escritura
73;10011276;Escritura
93;10011277;Escritura
75;10011278;Escritura
80;10011279;Escritura
57;10011280;Escritura
42;10011281;Escritura
46;10011282;Escritura
84;10011283;Escritura
78;10011284;Escritura
46;10011285;Escritura
82;10011286;Escritura
88;10011287;Escritura
82;10011288;Escritura
76;10011289;Escritura
77;10011290;Escritura
68;10011291;Escritura
70;10011292;Escritura
57;10011293;Escritura
75;10011294;Escritura
80;10011295;Escritura
60;10011296;Escritura
43;10011297;Escritura
68;10011298;Escritura
50;10011299;Escritura
75;10011300;Escritura
81;10011301;Escritura
52;10011302;Escritura
81;10011303;Escritura
64;10011304;Escritura
83;10011305;Escritura
69;10011306;Escritura
81;10011307;Escritura
44;10011308;Escritura
67;10011309;Escritura
52;10011310;Escritura
80;10011311;Escritura
57;10011312;Escritura
68;10011313;Escritura
69;10011314;Escritura
75;10011315;Escritura
65;10011316;Escritura
91;10011317;Escritura
78;10011318;Escritura
69;10011319;Escritura
63;10011320;Escritura
84;10011321;Escritura
79;10011322;Escritura
80;10011323;Escritura
53;10011324;Escritura
43;10011325;Escritura
94;10011326;Escritura
62;10011327;Escritura
19;10011328;Escritura
77;10011329;Escritura
51;10011330;Escritura
61;10011331;Escritura
35;10011332;Escritura
53;10011333;Escritura
81;10011334;Escritura
95;10011335;Escritura
66;10011336;Escritura
69;10011337;Escritura
43;10011338;Escritura
27;10011339;Escritura
60;10011340;Escritura
52;10011341;Escritura
63;10011342;Escritura
74;10011343;Escritura
67;10011344;Escritura
67;10011345;Escritura
75;10011346;Escritura
57;10011347;Escritura
95;10011348;Escritura
66;10011349;Escritura
76;10011350;Escritura
69;10011351;Escritura
52;10011352;Escritura
80;10011353;Escritura
57;10011354;Escritura
70;10011355;Escritura
70;10011356;Escritura
61;10011357;Escritura
69;10011358;Escritura
61;10011359;Escritura
89;10011360;Escritura
59;10011361;Escritura
78;10011362;Escritura
58;10011363;Escritura
32;10011364;Escritura
58;10011365;Escritura
60;10011366;Escritura
53;10011367;Escritura
61;10011368;Escritura
58;10011369;Escritura
85;10011370;Escritura
71;10011371;Escritura
70;10011372;Escritura
72;10011373;Escritura
96;10011374;Escritura
73;10011375;Escritura
41;10011376;Escritura
82;10011377;Escritura
100;10011378;Escritura
77;10011379;Escritura
62;10011380;Escritura
83;10011381;Escritura
95;10011382;Escritura
71;10011383;Escritura
45;10011384;Escritura
43;10011385;Escritura
75;10011386;Escritura
70;10011387;Escritura
67;10011388;Escritura
64;10011389;Escritura
75;10011390;Escritura
59;10011391;Escritura
77;10011392;Escritura
67;10011393;Escritura
56;10011394;Escritura
77;10011395;Escritura
41;10011396;Escritura
63;10011397;Escritura
95;10011398;Escritura
57;10011399;Escritura
54;10011400;Escritura
67;10011401;Escritura
43;10011402;Escritura
55;10011403;Escritura
100;10011404;Escritura
62;10011405;Escritura
68;10011406;Escritura
63;10011407;Escritura
77;10011408;Escritura
56;10011409;Escritura
85;10011410;Escritura
74;10011411;Escritura
78;10011412;Escritura
60;10011413;Escritura
67;10011414;Escritura
79;10011415;Escritura
69;10011416;Escritura
68;10011417;Escritura
67;10011418;Escritura
62;10011419;Escritura
54;10011420;Escritura
93;10011421;Escritura
64;10011422;Escritura
67;10011423;Escritura
80;10011424;Escritura
34;10011425;Escritura
62;10011426;Escritura
86;10011427;Escritura
65;10011428;Escritura
53;10011429;Escritura
54;10011430;Escritura
59;10011431;Escritura
70;10011432;Escritura
55;10011433;Escritura
50;10011434;Escritura
66;10011435;Escritura
53;10011436;Escritura
64;10011437;Escritura
73;10011438;Escritura
51;10011439;Escritura
82;10011440;Escritura
79;10011441;Escritura
80;10011442;Escritura
69;10011443;Escritura
76;10011444;Escritura
73;10011445;Escritura
77;10011446;Escritura
60;10011447;Escritura
80;10011448;Escritura
42;10011449;Escritura
72;10011450;Escritura
85;10011451;Escritura
97;10011452;Escritura
74;10011453;Escritura
49;10011454;Escritura
62;10011455;Escritura
47;10011456;Escritura
89;10011457;Escritura
48;10011458;Escritura
100;10011459;Escritura
68;10011460;Escritura
55;10011461;Escritura
45;10011462;Escritura
76;10011463;Escritura
91;10011464;Escritura
62;10011465;Escritura
91;10011466;Escritura
38;10011467;Escritura
65;10011468;Escritura
85;10011469;Escritura
76;10011470;Escritura
90;10011471;Escritura
74;10011472;Escritura
84;10011473;Escritura
61;10011474;Escritura
91;10011475;Escritura
83;10011476;Escritura
66;10011477;Escritura
72;10011478;Escritura
70;10011479;Escritura
67;10011480;Escritura
68;10011481;Escritura
56;10011482;Escritura
61;10011483;Escritura
46;10011484;Escritura
54;10011485;Escritura
71;10011486;Escritura
56;10011487;Escritura
74;10011488;Escritura
57;10011489;Escritura
82;10011490;Escritura
76;10011491;Escritura
70;10011492;Escritura
90;10011493;Escritura
90;10011494;Escritura
68;10011495;Escritura
66;10011496;Escritura
52;10011497;Escritura
76;10011498;Escritura
68;10011499;Escritura
72;10011500;Escritura
82;10011501;Escritura
92;10011502;Escritura
54;10011503;Escritura
92;10011504;Escritura
54;10011505;Escritura
80;10011506;Escritura
66;10011507;Escritura
54;10011508;Escritura
77;10011509;Escritura
87;10011510;Escritura
73;10011511;Escritura
43;10011512;Escritura
52;10011513;Escritura
62;10011514;Escritura
94;10011515;Escritura
85;10011516;Escritura
84;10011517;Escritura
73;10011518;Escritura
78;10011519;Escritura
79;10011520;Escritura
52;10011521;Escritura
84;10011522;Escritura
57;10011523;Escritura
50;10011524;Escritura
49;10011525;Escritura
59;10011526;Escritura
60;10011527;Escritura
43;10011528;Escritura
47;10011529;Escritura
70;10011530;Escritura
73;10011531;Escritura
53;10011532;Escritura
58;10011533;Escritura
94;10011534;Escritura
68;10011535;Escritura
83;10011536;Escritura
58;10011537;Escritura
62;10011538;Escritura
71;10011539;Escritura
86;10011540;Escritura
68;10011541;Escritura
80;10011542;Escritura
79;10011543;Escritura
89;10011544;Escritura
66;10011545;Escritura
80;10011546;Escritura
97;10011547;Escritura
64;10011548;Escritura
64;10011549;Escritura
69;10011550;Escritura
65;10011551;Escritura
88;10011552;Escritura
50;10011553;Escritura
64;10011554;Escritura
40;10011555;Escritura
33;10011556;Escritura
79;10011557;Escritura
66;10011558;Escritura
70;10011559;Escritura
62;10011560;Escritura
79;10011561;Escritura
74;10011562;Escritura
92;10011563;Escritura
80;10011564;Escritura
46;10011565;Escritura
45;10011566;Escritura
100;10011567;Escritura
78;10011568;Escritura
47;10011569;Escritura
67;10011570;Escritura
70;10011571;Escritura
92;10011572;Escritura
56;10011573;Escritura
64;10011574;Escritura
71;10011575;Escritura
53;10011576;Escritura
52;10011577;Escritura
89;10011578;Escritura
58;10011579;Escritura
68;10011580;Escritura
96;10011581;Escritura
80;10011582;Escritura
78;10011583;Escritura
80;10011584;Escritura
77;10011585;Escritura
76;10011586;Escritura
73;10011587;Escritura
62;10011588;Escritura
65;10011589;Escritura
65;10011590;Escritura
54;10011591;Escritura
50;10011592;Escritura
64;10011593;Escritura
73;10011594;Escritura
99;10011595;Escritura
72;10011596;Escritura
15;10011597;Escritura
48;10011598;Escritura
73;10011599;Escritura
81;10011600;Escritura
63;10011601;Escritura
30;10011602;Escritura
80;10011603;Escritura
51;10011604;Escritura
90;10011605;Escritura
62;10011606;Escritura
82;10011607;Escritura
54;10011608;Escritura
62;10011609;Escritura
65;10011610;Escritura
63;10011611;Escritura
66;10011612;Escritura
91;10011613;Escritura
74;10011614;Escritura
93;10011615;Escritura
72;10011616;Escritura
38;10011617;Escritura
83;10011618;Escritura
84;10011619;Escritura
68;10011620;Escritura
54;10011621;Escritura
56;10011622;Escritura
52;10011623;Escritura
86;10011624;Escritura
62;10011625;Escritura
99;10011626;Escritura
63;10011627;Escritura
46;10011628;Escritura
46;10011629;Escritura
55;10011630;Escritura
70;10011631;Escritura
65;10011632;Escritura
81;10011633;Escritura
85;10011634;Escritura
80;10011635;Escritura
64;10011636;Escritura
81;10011637;Escritura
88;10011638;Escritura
74;10011639;Escritura
73;10011640;Escritura
51;10011641;Escritura
90;10011642;Escritura
79;10011643;Escritura
80;10011644;Escritura
60;10011645;Escritura
81;10011646;Escritura
65;10011647;Escritura
68;10011648;Escritura
55;10011649;Escritura
81;10011650;Escritura
53;10011651;Escritura
76;10011652;Escritura
98;10011653;Escritura
74;10011654;Escritura
79;10011655;Escritura
67;10011656;Escritura
64;10011657;Escritura
61;10011658;Escritura
58;10011659;Escritura
85;10011660;Escritura
73;10011661;Escritura
63;10011662;Escritura
69;10011663;Escritura
67;10011664;Escritura
63;10011665;Escritura
60;10011666;Escritura
71;10011667;Escritura
87;10011668;Escritura
61;10011669;Escritura
77;10011670;Escritura
68;10011671;Escritura
50;10011672;Escritura
76;10011673;Escritura
84;10011674;Escritura
78;10011675;Escritura
66;10011676;Escritura
76;10011677;Escritura
76;10011678;Escritura
78;10011679;Escritura
60;10011680;Escritura
74;10011681;Escritura
60;10011682;Escritura
54;10011683;Escritura
44;10011684;Escritura
68;10011685;Escritura
100;10011686;Escritura
68;10011687;Escritura
73;10011688;Escritura
44;10011689;Escritura
83;10011690;Escritura
53;10011691;Escritura
78;10011692;Escritura
81;10011693;Escritura
73;10011694;Escritura
56;10011695;Escritura
86;10011696;Escritura
90;10011697;Escritura
70;10011698;Escritura
79;10011699;Escritura
59;10011700;Escritura
82;10011701;Escritura
72;10011702;Escritura
87;10011703;Escritura
67;10011704;Escritura
64;10011705;Escritura
65;10011706;Escritura
36;10011707;Escritura
52;10011708;Escritura
79;10011709;Escritura
58;10011710;Escritura
90;10011711;Escritura
85;10011712;Escritura
99;10011713;Escritura
84;10011714;Escritura
74;10011715;Escritura
87;10011716;Escritura
72;10011717;Escritura
99;10011718;Escritura
74;10011719;Escritura
80;10011720;Escritura
70;10011721;Escritura
59;10011722;Escritura
88;10011723;Escritura
42;10011724;Escritura
41;10011725;Escritura
71;10011726;Escritura
77;10011727;Escritura
57;10011728;Escritura
84;10011729;Escritura
37;10011730;Escritura
80;10011731;Escritura
43;10011732;Escritura
94;10011733;Escritura
44;10011734;Escritura
57;10011735;Escritura
59;10011736;Escritura
84;10011737;Escritura
73;10011738;Escritura
73;10011739;Escritura
55;10011740;Escritura
72;10011741;Escritura
56;10011742;Escritura
82;10011743;Escritura
72;10011744;Escritura
47;10011745;Escritura
74;10011746;Escritura
71;10011747;Escritura
68;10011748;Escritura
59;10011749;Escritura
86;10011750;Escritura
68;10011751;Escritura
65;10011752;Escritura
75;10011753;Escritura
85;10011754;Escritura
53;10011755;Escritura
92;10011756;Escritura
52;10011757;Escritura
72;10011758;Escritura
65;10011759;Escritura
77;10011760;Escritura
64;10011761;Escritura
54;10011762;Escritura
86;10011763;Escritura
63;10011764;Escritura
59;10011765;Escritura
72;10011766;Escritura
77;10011767;Escritura
60;10011768;Escritura
75;10011769;Escritura
57;10011770;Escritura
49;10011771;Escritura
74;10011772;Escritura
72;10011773;Escritura
79;10011774;Escritura
60;10011775;Escritura
55;10011776;Escritura
70;10011777;Escritura
43;10011778;Escritura
82;10011779;Escritura
82;10011780;Escritura
57;10011781;Escritura
84;10011782;Escritura
82;10011783;Escritura
62;10011784;Escritura
79;10011785;Escritura
44;10011786;Escritura
77;10011787;Escritura
32;10011788;Escritura
61;10011789;Escritura
61;10011790;Escritura
60;10011791;Escritura
70;10011792;Escritura
69;10011793;Escritura
77;10011794;Escritura
51;10011795;Escritura
73;10011796;Escritura
70;10011797;Escritura
81;10011798;Escritura
54;10011799;Escritura
57;10011800;Escritura
68;10011801;Escritura
73;10011802;Escritura
95;10011803;Escritura
87;10011804;Escritura
78;10011805;Escritura
74;10011806;Escritura
75;10011807;Escritura
40;10011808;Escritura
69;10011809;Escritura
51;10011810;Escritura
36;10011811;Escritura
49;10011812;Escritura
67;10011813;Escritura
76;10011814;Escritura
83;10011815;Escritura
87;10011816;Escritura
64;10011817;Escritura
76;10011818;Escritura
68;10011819;Escritura
88;10011820;Escritura
92;10011821;Escritura
93;10011822;Escritura
51;10011823;Escritura
82;10011824;Escritura
52;10011825;Escritura
58;10011826;Escritura
70;10011827;Escritura
76;10011828;Escritura
81;10011829;Escritura
53;10011830;Escritura
57;10011831;Escritura
89;10011832;Escritura
58;10011833;Escritura
89;10011834;Escritura
45;10011835;Escritura
74;10011836;Escritura
57;10011837;Escritura
79;10011838;Escritura
53;10011839;Escritura
73;10011840;Escritura
46;10011841;Escritura
51;10011842;Escritura
36;10011843;Escritura
76;10011844;Escritura
64;10011845;Escritura
84;10011846;Escritura
85;10011847;Escritura
50;10011848;Escritura
68;10011849;Escritura
69;10011850;Escritura
67;10011851;Escritura
63;10011852;Escritura
93;10011853;Escritura
61;10011854;Escritura
55;10011855;Escritura
96;10011856;Escritura
65;10011857;Escritura
81;10011858;Escritura
46;10011859;Escritura
72;10011860;Escritura
53;10011861;Escritura
87;10011862;Escritura
38;10011863;Escritura
80;10011864;Escritura
91;10011865;Escritura
88;10011866;Escritura
52;10011867;Escritura
41;10011868;Escritura
72;10011869;Escritura
51;10011870;Escritura
47;10011871;Escritura
76;10011872;Escritura
78;10011873;Escritura
82;10011874;Escritura
61;10011875;Escritura
66;10011876;Escritura
84;10011877;Escritura
54;10011878;Escritura
80;10011879;Escritura
74;10011880;Escritura
66;10011881;Escritura
70;10011882;Escritura
71;10011883;Escritura
44;10011884;Escritura
54;10011885;Escritura
80;10011886;Escritura
95;10011887;Escritura
59;10011888;Escritura
74;10011889;Escritura
48;10011890;Escritura
91;10011891;Escritura
85;10011892;Escritura
73;10011893;Escritura
75;10011894;Escritura
69;10011895;Escritura
38;10011896;Escritura
27;10011897;Escritura
79;10011898;Escritura
63;10011899;Escritura
82;10011900;Escritura
89;10011901;Escritura
74;10011902;Escritura
41;10011903;Escritura
100;10011904;Escritura
84;10011905;Escritura
77;10011906;Escritura
51;10011907;Escritura
91;10011908;Escritura
72;10011909;Escritura
70;10011910;Escritura
48;10011911;Escritura
82;10011912;Escritura
66;10011913;Escritura
66;10011914;Escritura
55;10011915;Escritura
66;10011916;Escritura
100;10011917;Escritura
52;10011918;Escritura
80;10011919;Escritura
91;10011920;Escritura
67;10011921;Escritura
46;10011922;Escritura
66;10011923;Escritura
65;10011924;Escritura
69;10011925;Escritura
60;10011926;Escritura
52;10011927;Escritura
71;10011928;Escritura
44;10011929;Escritura
51;10011930;Escritura
70;10011931;Escritura
62;10011932;Escritura
73;10011933;Escritura
74;10011934;Escritura
90;10011935;Escritura
58;10011936;Escritura
53;10011937;Escritura
57;10011938;Escritura
85;10011939;Escritura
69;10011940;Escritura
72;10011941;Escritura
96;10011942;Escritura
64;10011943;Escritura
61;10011944;Escritura
61;10011945;Escritura
58;10011946;Escritura
80;10011947;Escritura
60;10011948;Escritura
52;10011949;Escritura
73;10011950;Escritura
71;10011951;Escritura
83;10011952;Escritura
72;10011953;Escritura
54;10011954;Escritura
69;10011955;Escritura
62;10011956;Escritura
81;10011957;Escritura
100;10011958;Escritura
59;10011959;Escritura
71;10011960;Escritura
64;10011961;Escritura
53;10011962;Escritura
100;10011963;Escritura
75;10011964;Escritura
58;10011965;Escritura
72;10011966;Escritura
64;10011967;Escritura
60;10011968;Escritura
67;10011969;Escritura
80;10011970;Escritura
100;10011971;Escritura
69;10011972;Escritura
60;10011973;Escritura
61;10011974;Escritura
67;10011975;Escritura
77;10011976;Escritura
60;10011977;Escritura
58;10011978;Escritura
48;10011979;Escritura
94;10011980;Escritura
23;10011981;Escritura
78;10011982;Escritura
86;10011983;Escritura
91;10011984;Escritura
82;10011985;Escritura
54;10011986;Escritura
51;10011987;Escritura
76;10011988;Escritura
45;10011989;Escritura
83;10011990;Escritura
75;10011991;Escritura
78;10011992;Escritura
76;10011993;Escritura
74;10011994;Escritura
62;10011995;Escritura
95;10011996;Escritura
55;10011997;Escritura
65;10011998;Escritura
77;10011999;Escritura
86;10012000;Escritura
64;10012001;Matematicas
38;10012002;Matematicas
58;10012003;Matematicas
40;10012004;Matematicas
65;10012005;Matematicas
78;10012006;Matematicas
50;10012007;Matematicas
69;10012008;Matematicas
88;10012009;Matematicas
18;10012010;Matematicas
46;10012011;Matematicas
54;10012012;Matematicas
66;10012013;Matematicas
65;10012014;Matematicas
44;10012015;Matematicas
69;10012016;Matematicas
74;10012017;Matematicas
73;10012018;Matematicas
69;10012019;Matematicas
67;10012020;Matematicas
70;10012021;Matematicas
62;10012022;Matematicas
69;10012023;Matematicas
63;10012024;Matematicas
56;10012025;Matematicas
40;10012026;Matematicas
97;10012027;Matematicas
81;10012028;Matematicas
74;10012029;Matematicas
50;10012030;Matematicas
75;10012031;Matematicas
57;10012032;Matematicas
55;10012033;Matematicas
58;10012034;Matematicas
53;10012035;Matematicas
59;10012036;Matematicas
50;10012037;Matematicas
65;10012038;Matematicas
55;10012039;Matematicas
66;10012040;Matematicas
57;10012041;Matematicas
82;10012042;Matematicas
53;10012043;Matematicas
77;10012044;Matematicas
53;10012045;Matematicas
88;10012046;Matematicas
71;10012047;Matematicas
33;10012048;Matematicas
82;10012049;Matematicas
52;10012050;Matematicas
58;10012051;Matematicas
0;10012052;Matematicas
79;10012053;Matematicas
39;10012054;Matematicas
62;10012055;Matematicas
69;10012056;Matematicas
59;10012057;Matematicas
67;10012058;Matematicas
45;10012059;Matematicas
60;10012060;Matematicas
61;10012061;Matematicas
39;10012062;Matematicas
58;10012063;Matematicas
63;10012064;Matematicas
41;10012065;Matematicas
61;10012066;Matematicas
49;10012067;Matematicas
44;10012068;Matematicas
30;10012069;Matematicas
80;10012070;Matematicas
61;10012071;Matematicas
62;10012072;Matematicas
47;10012073;Matematicas
49;10012074;Matematicas
50;10012075;Matematicas
72;10012076;Matematicas
42;10012077;Matematicas
73;10012078;Matematicas
76;10012079;Matematicas
71;10012080;Matematicas
58;10012081;Matematicas
73;10012082;Matematicas
65;10012083;Matematicas
27;10012084;Matematicas
71;10012085;Matematicas
43;10012086;Matematicas
79;10012087;Matematicas
78;10012088;Matematicas
65;10012089;Matematicas
63;10012090;Matematicas
58;10012091;Matematicas
65;10012092;Matematicas
79;10012093;Matematicas
68;10012094;Matematicas
85;10012095;Matematicas
60;10012096;Matematicas
98;10012097;Matematicas
58;10012098;Matematicas
87;10012099;Matematicas
66;10012100;Matematicas
52;10012101;Matematicas
70;10012102;Matematicas
77;10012103;Matematicas
62;10012104;Matematicas
54;10012105;Matematicas
51;10012106;Matematicas
99;10012107;Matematicas
84;10012108;Matematicas
75;10012109;Matematicas
78;10012110;Matematicas
51;10012111;Matematicas
55;10012112;Matematicas
79;10012113;Matematicas
91;10012114;Matematicas
88;10012115;Matematicas
63;10012116;Matematicas
83;10012117;Matematicas
87;10012118;Matematicas
72;10012119;Matematicas
65;10012120;Matematicas
82;10012121;Matematicas
51;10012122;Matematicas
89;10012123;Matematicas
53;10012124;Matematicas
87;10012125;Matematicas
75;10012126;Matematicas
74;10012127;Matematicas
58;10012128;Matematicas
51;10012129;Matematicas
70;10012130;Matematicas
59;10012131;Matematicas
71;10012132;Matematicas
76;10012133;Matematicas
59;10012134;Matematicas
42;10012135;Matematicas
57;10012136;Matematicas
88;10012137;Matematicas
22;10012138;Matematicas
88;10012139;Matematicas
73;10012140;Matematicas
68;10012141;Matematicas
100;10012142;Matematicas
62;10012143;Matematicas
77;10012144;Matematicas
59;10012145;Matematicas
54;10012146;Matematicas
62;10012147;Matematicas
70;10012148;Matematicas
66;10012149;Matematicas
60;10012150;Matematicas
61;10012151;Matematicas
66;10012152;Matematicas
82;10012153;Matematicas
75;10012154;Matematicas
49;10012155;Matematicas
52;10012156;Matematicas
81;10012157;Matematicas
96;10012158;Matematicas
53;10012159;Matematicas
58;10012160;Matematicas
68;10012161;Matematicas
67;10012162;Matematicas
72;10012163;Matematicas
94;10012164;Matematicas
79;10012165;Matematicas
63;10012166;Matematicas
43;10012167;Matematicas
81;10012168;Matematicas
46;10012169;Matematicas
71;10012170;Matematicas
52;10012171;Matematicas
97;10012172;Matematicas
62;10012173;Matematicas
46;10012174;Matematicas
50;10012175;Matematicas
65;10012176;Matematicas
45;10012177;Matematicas
65;10012178;Matematicas
80;10012179;Matematicas
62;10012180;Matematicas
48;10012181;Matematicas
77;10012182;Matematicas
66;10012183;Matematicas
76;10012184;Matematicas
62;10012185;Matematicas
77;10012186;Matematicas
69;10012187;Matematicas
61;10012188;Matematicas
59;10012189;Matematicas
55;10012190;Matematicas
45;10012191;Matematicas
78;10012192;Matematicas
67;10012193;Matematicas
65;10012194;Matematicas
69;10012195;Matematicas
57;10012196;Matematicas
59;10012197;Matematicas
74;10012198;Matematicas
82;10012199;Matematicas
81;10012200;Matematicas
74;10012201;Matematicas
58;10012202;Matematicas
80;10012203;Matematicas
35;10012204;Matematicas
42;10012205;Matematicas
60;10012206;Matematicas
87;10012207;Matematicas
84;10012208;Matematicas
83;10012209;Matematicas
34;10012210;Matematicas
63;10012001;Escritura
82;10012002;Escritura
89;10012003;Escritura
74;10012004;Escritura
41;10012005;Escritura
100;10012006;Escritura
84;10012007;Escritura
77;10012008;Escritura
51;10012009;Escritura
91;10012010;Escritura
72;10012011;Escritura
70;10012012;Escritura
48;10012013;Escritura
82;10012014;Escritura
66;10012015;Escritura
66;10012016;Escritura
55;10012017;Escritura
66;10012018;Escritura
100;10012019;Escritura
52;10012020;Escritura
80;10012021;Escritura
91;10012022;Escritura
67;10012023;Escritura
46;10012024;Escritura
66;10012025;Escritura
65;10012026;Escritura
69;10012027;Escritura
60;10012028;Escritura
52;10012029;Escritura
71;10012030;Escritura
44;10012031;Escritura
51;10012032;Escritura
70;10012033;Escritura
62;10012034;Escritura
73;10012035;Escritura
74;10012036;Escritura
90;10012037;Escritura
58;10012038;Escritura
53;10012039;Escritura
57;10012040;Escritura
85;10012041;Escritura
69;10012042;Escritura
72;10012043;Escritura
96;10012044;Escritura
64;10012045;Escritura
61;10012046;Escritura
61;10012047;Escritura
58;10012048;Escritura
80;10012049;Escritura
60;10012050;Escritura
52;10012051;Escritura
73;10012052;Escritura
71;10012053;Escritura
83;10012054;Escritura
72;10012055;Escritura
54;10012056;Escritura
69;10012057;Escritura
62;10012058;Escritura
81;10012059;Escritura
100;10012060;Escritura
59;10012061;Escritura
71;10012062;Escritura
64;10012063;Escritura
53;10012064;Escritura
100;10012065;Escritura
75;10012066;Escritura
58;10012067;Escritura
72;10012068;Escritura
64;10012069;Escritura
60;10012070;Escritura
67;10012071;Escritura
80;10012072;Escritura
100;10012073;Escritura
69;10012074;Escritura
60;10012075;Escritura
61;10012076;Escritura
67;10012077;Escritura
77;10012078;Escritura
60;10012079;Escritura
58;10012080;Escritura
48;10012081;Escritura
94;10012082;Escritura
23;10012083;Escritura
78;10012084;Escritura
86;10012085;Escritura
91;10012086;Escritura
82;10012087;Escritura
54;10012088;Escritura
51;10012089;Escritura
76;10012090;Escritura
45;10012091;Escritura
83;10012092;Escritura
75;10012093;Escritura
63;10012094;Escritura
82;10012095;Escritura
89;10012096;Escritura
74;10012097;Escritura
41;10012098;Escritura
100;10012099;Escritura
84;10012100;Escritura
77;10012101;Escritura
51;10012102;Escritura
91;10012103;Escritura
72;10012104;Escritura
70;10012105;Escritura
48;10012106;Escritura
82;10012107;Escritura
66;10012108;Escritura
66;10012109;Escritura
55;10012110;Escritura
66;10012111;Escritura
100;10012112;Escritura
52;10012113;Escritura
80;10012114;Escritura
91;10012115;Escritura
67;10012116;Escritura
46;10012117;Escritura
66;10012118;Escritura
65;10012119;Escritura
69;10012120;Escritura
60;10012121;Escritura
52;10012122;Escritura
71;10012123;Escritura
44;10012124;Escritura
51;10012125;Escritura
70;10012126;Escritura
62;10012127;Escritura
73;10012128;Escritura
74;10012129;Escritura
90;10012130;Escritura
58;10012131;Escritura
53;10012132;Escritura
57;10012133;Escritura
85;10012134;Escritura
69;10012135;Escritura
72;10012136;Escritura
96;10012137;Escritura
64;10012138;Escritura
61;10012139;Escritura
61;10012140;Escritura
58;10012141;Escritura
80;10012142;Escritura
60;10012143;Escritura
52;10012144;Escritura
73;10012145;Escritura
71;10012146;Escritura
83;10012147;Escritura
72;10012148;Escritura
54;10012149;Escritura
69;10012150;Escritura
62;10012151;Escritura
81;10012152;Escritura
100;10012153;Escritura
59;10012154;Escritura
71;10012155;Escritura
61;10012156;Escritura
66;10012157;Escritura
82;10012158;Escritura
75;10012159;Escritura
49;10012160;Escritura
52;10012161;Escritura
81;10012162;Escritura
96;10012163;Escritura
53;10012164;Escritura
58;10012165;Escritura
68;10012166;Escritura
67;10012167;Escritura
72;10012168;Escritura
94;10012169;Escritura
79;10012170;Escritura
63;10012171;Escritura
43;10012172;Escritura
81;10012173;Escritura
46;10012174;Escritura
71;10012175;Escritura
52;10012176;Escritura
97;10012177;Escritura
66;10012178;Escritura
76;10012179;Escritura
62;10012180;Escritura
77;10012181;Escritura
69;10012182;Escritura
61;10012183;Escritura
59;10012184;Escritura
55;10012185;Escritura
45;10012186;Escritura
78;10012187;Escritura
67;10012188;Escritura
65;10012189;Escritura
69;10012190;Escritura
57;10012191;Escritura
59;10012192;Escritura
74;10012193;Escritura
82;10012194;Escritura
81;10012195;Escritura
74;10012196;Escritura
58;10012197;Escritura
80;10012198;Escritura
35;10012199;Escritura
42;10012200;Escritura
60;10012201;Escritura
87;10012202;Escritura
84;10012203;Escritura
83;10012204;Escritura
34;10012205;Escritura
58;10012206;Escritura
80;10012207;Escritura
35;10012208;Escritura
42;10012209;Escritura
60;10012210;Escritura
94;10012001;Lectura
85;10012002;Lectura
76;10012003;Lectura
81;10012004;Lectura
74;10012005;Lectura
45;10012006;Lectura
75;10012007;Lectura
54;10012008;Lectura
31;10012009;Lectura
47;10012010;Lectura
64;10012011;Lectura
84;10012012;Lectura
80;10012013;Lectura
86;10012014;Lectura
59;10012015;Lectura
70;10012016;Lectura
72;10012017;Lectura
91;10012018;Lectura
90;10012019;Lectura
90;10012020;Lectura
52;10012021;Lectura
87;10012022;Lectura
58;10012023;Lectura
67;10012024;Lectura
68;10012025;Lectura
69;10012026;Lectura
86;10012027;Lectura
54;10012028;Lectura
60;10012029;Lectura
86;10012030;Lectura
60;10012031;Lectura
82;10012032;Lectura
50;10012033;Lectura
64;10012034;Lectura
64;10012035;Lectura
82;10012036;Lectura
57;10012037;Lectura
77;10012038;Lectura
52;10012039;Lectura
58;10012040;Lectura
44;10012041;Lectura
77;10012042;Lectura
65;10012043;Lectura
85;10012044;Lectura
85;10012045;Lectura
54;10012046;Lectura
72;10012047;Lectura
75;10012048;Lectura
67;10012049;Lectura
68;10012050;Lectura
85;10012051;Lectura
67;10012052;Lectura
64;10012053;Lectura
97;10012054;Lectura
68;10012055;Lectura
79;10012056;Lectura
49;10012057;Lectura
73;10012058;Lectura
62;10012059;Lectura
86;10012060;Lectura
42;10012061;Lectura
71;10012062;Lectura
93;10012063;Lectura
82;10012064;Lectura
53;10012065;Lectura
42;10012066;Lectura
74;10012067;Lectura
51;10012068;Lectura
58;10012069;Lectura
72;10012070;Lectura
84;10012071;Lectura
90;10012072;Lectura
62;10012073;Lectura
64;10012074;Lectura
82;10012075;Lectura
61;10012076;Lectura
72;10012077;Lectura
76;10012078;Lectura
64;10012079;Lectura
70;10012080;Lectura
73;10012081;Lectura
46;10012082;Lectura
51;10012083;Lectura
76;10012084;Lectura
100;10012085;Lectura
72;10012086;Lectura
65;10012087;Lectura
51;10012088;Lectura
85;10012089;Lectura
92;10012090;Lectura
67;10012091;Lectura
74;10012092;Lectura
62;10012093;Lectura
34;10012094;Lectura
29;10012095;Lectura
78;10012096;Lectura
54;10012097;Lectura
78;10012098;Lectura
84;10012099;Lectura
78;10012100;Lectura
48;10012101;Lectura
100;10012102;Lectura
84;10012103;Lectura
77;10012104;Lectura
48;10012105;Lectura
84;10012106;Lectura
75;10012107;Lectura
64;10012108;Lectura
42;10012109;Lectura
84;10012110;Lectura
61;10012111;Lectura
62;10012112;Lectura
61;10012113;Lectura
70;10012114;Lectura
100;10012115;Lectura
61;10012116;Lectura
77;10012117;Lectura
96;10012118;Lectura
70;10012119;Lectura
53;10012120;Lectura
66;10012121;Lectura
65;10012122;Lectura
70;10012123;Lectura
64;10012124;Lectura
56;10012125;Lectura
61;10012126;Lectura
43;10012127;Lectura
56;10012128;Lectura
74;10012129;Lectura
57;10012130;Lectura
71;10012131;Lectura
75;10012132;Lectura
87;10012133;Lectura
63;10012134;Lectura
57;10012135;Lectura
58;10012136;Lectura
81;10012137;Lectura
68;10012138;Lectura
66;10012139;Lectura
91;10012140;Lectura
66;10012141;Lectura
94;10012142;Lectura
85;10012143;Lectura
76;10012144;Lectura
81;10012145;Lectura
74;10012146;Lectura
45;10012147;Lectura
75;10012148;Lectura
54;10012149;Lectura
31;10012150;Lectura
47;10012151;Lectura
64;10012152;Lectura
84;10012153;Lectura
80;10012154;Lectura
86;10012155;Lectura
59;10012156;Lectura
70;10012157;Lectura
72;10012158;Lectura
91;10012159;Lectura
90;10012160;Lectura
90;10012161;Lectura
52;10012162;Lectura
87;10012163;Lectura
58;10012164;Lectura
67;10012165;Lectura
68;10012166;Lectura
69;10012167;Lectura
86;10012168;Lectura
54;10012169;Lectura
60;10012170;Lectura
86;10012171;Lectura
60;10012172;Lectura
82;10012173;Lectura
50;10012174;Lectura
64;10012175;Lectura
64;10012176;Lectura
82;10012177;Lectura
57;10012178;Lectura
77;10012179;Lectura
52;10012180;Lectura
58;10012181;Lectura
44;10012182;Lectura
77;10012183;Lectura
65;10012184;Lectura
85;10012185;Lectura
85;10012186;Lectura
54;10012187;Lectura
72;10012188;Lectura
75;10012189;Lectura
67;10012190;Lectura
68;10012191;Lectura
85;10012192;Lectura
67;10012193;Lectura
64;10012194;Lectura
97;10012195;Lectura
68;10012196;Lectura
79;10012197;Lectura
49;10012198;Lectura
73;10012199;Lectura
62;10012200;Lectura
86;10012201;Lectura
42;10012202;Lectura
71;10012203;Lectura
93;10012204;Lectura
82;10012205;Lectura
53;10012206;Lectura
42;10012207;Lectura
74;10012208;Lectura
51;10012209;Lectura
58;10012210;Lectura
